page,query,clicks,impressions,ctr,position
https://www.oyamimamori.jp/articles/anpi-kakunin-app-towa/,安否 確認,0,1,0,66
https://www.oyamimamori.jp/articles/anpi-kakunin-app-towa/,安否確認 アプリ,0,4,0,25.75
https://www.oyamimamori.jp/articles/anpi-kakunin-app-towa/,安否確認アプリ,0,5,0,24.6
https://www.oyamimamori.jp/articles/hanarete-kurasu-oya-mimamori/,見守り 親,0,1,0,109
https://www.oyamimamori.jp/articles/hanarete-kurasu-oya-mimamori/,親見守り,0,1,0,45
https://www.oyamimamori.jp/articles/hanarete-kurasu-oya-mimamori/,離れてる親 見守り,0,1,0,45
https://www.oyamimamori.jp/articles/kodomo-bouhan-taisaku,いかのおすし 保育園 伝え方,0,1,0,74
https://www.oyamimamori.jp/articles/kourei-oya-communication,コミュニケーション 高齢 者,0,6,0,73.83
https://www.oyamimamori.jp/articles/mimamori-app-service-chigai/,見守り おすすめアプリ,0,4,0,90
https://www.oyamimamori.jp/articles/mimamori-service-erabikata/,高齢者見守りサービス おすすめ,0,3,0,97
https://www.oyamimamori.jp/articles/mimamori-service-erabikata/,高齢者見守りサービスとは,0,1,0,33
https://www.oyamimamori.jp/articles/muryou-anpi-kakunin-app/,一人暮らし 見守りサービス 無料,0,1,0,36
https://www.oyamimamori.jp/articles/muryou-anpi-kakunin-app/,安否確認サービス 無料,0,2,0,46
https://www.oyamimamori.jp/articles/muryou-anpi-kakunin-app/,生存確認サービス 独身 無料 その他,0,2,0,37
https://www.oyamimamori.jp/articles/muryou-anpi-kakunin-app/,見守りサービス アプリ 無料,0,1,0,40
https://www.oyamimamori.jp/articles/muryou-anpi-kakunin-app/,見守りサービス 無料,0,1,0,36
https://www.oyamimamori.jp/articles/oya-anpi-kakunin-mainichi/,安否確認 親,0,1,0,24
https://www.oyamimamori.jp/categories/app-guide/,見守り おすすめアプリ,0,1,0,91
https://www.oyamimamori.jp/privacy/,intitle:プライバシーポリシー,0,2,0,213.5
